{
  "products": [
    {
      "name": "Классическая футболка Супрематизм",
      "slug": "shirt_classic",
      "image": "shirt_classic.jpg",
      "id": 1,
      "description":
        "Модель Classic-T. 100% джерси-хлопок, плотность 155 г/м2. Классический фасон. Воротник из хлопка с лайкрой для большего удобства и сохранения формы. Печать экологичными красками (сертифицированы по стандарту OEKO-TEX®). Пожалуйста, сверьтесь с таблицей размеров при выборе размера.",
      "experiences": [
        {
          "name": "Футболка Кот с ножом What Cat",
          "slug": "shirt_cat",
          "image": "shirt_cat.jpg",
          "description":
            "100% хлопок, плотность 155 г/м2. Классический фасон. Воротник из хлопка с лайкрой для большего удобства и сохранения формы. Печать экологичными красками (сертифицированы по стандарту OEKO-TEX®). Пожалуйста, сверьтесь с таблицей размеров при выборе размера."
        },
        {
          "name": "Футболка Таблица Д. А. Сивцева.",
          "slug": "shirt_table",
          "image": "shirt_table.jpg",
          "description":
            "100% хлопок, плотность 155 г/м2. Классический фасон. Воротник из хлопка с лайкрой для большего удобства и сохранения формы. Печать экологичными красками (сертифицированы по стандарту OEKO-TEX®). Пожалуйста, сверьтесь с таблицей размеров при выборе размера."
        },
        {
          "name": "Футболка Doctor Who Old School Game",
          "slug": "shirt_game",
          "image": "shirt_game.jpg",
          "description":
            "100% джерси-хлопок, плотность 155 г/м2. Классический фасон. Воротник из хлопка с лайкрой для большего удобства и сохранения формы. Печать экологичными красками (сертифицированы по стандарту OEKO-TEX®). Пожалуйста, сверьтесь с таблицей размеров при выборе размера."
        },
        {
          "name": "Футболка I'm enot you are not",
          "slug": "shirt_enot",
          "image": "shirt_enot.jpg",
          "description":
            "100% хлопок, плотность 155 г/м2. Классический фасон. Воротник из хлопка с лайкрой для большего удобства и сохранения формы. Печать экологичными красками (сертифицированы по стандарту OEKO-TEX®). Пожалуйста, сверьтесь с таблицей размеров при выборе размера."
        }
      ]
    },
    {
      "name": "Толстовка худи Alvin",
      "slug": "hoodie_alvin",
      "image": "hoodie_alvin.jpg",
      "id": 2,
      "description":
        "Удобная мягкая толстовка с капюшоном (худи). 100% хлопок, плотность 260 г/м2. Классический комфортный фасон. Манжеты и отделка по низу из хлопка с лайкрой для формы и удобства. Печать экологичными красками (сертифицированы по стандарту OEKO-TEX®). Пожалуйста, сверьтесь с таблицей размеров при выборе размера.",
      "experiences": [
        {
          "name": "Толстовка худи Linux",
          "slug": "hoodie_linux",
          "image": "hoodie_linux.jpg",
          "description":
            "Удобная мягкая толстовка с капюшоном (худи). 80% хлопок / 20% полиэстер, плотность 260 г/м2. Классический комфортный фасон. Двойной капюшон. Спереди сквозной карман для рук. Манжеты и отделка по низу из хлопка с лайкрой для формы и удобства. Печать экологичными красками (сертифицированы по стандарту OEKO-TEX®). Пожалуйста, сверьтесь с таблицей размеров при выборе размера."
        },
        {
          "name": "Свитшот Зима близко. Новогодняя",
          "slug": "hoodie_winter",
          "image": "hoodie_winter.jpg",
          "description":
            "Удобная мягкая толстовка. 80% хлопок / 20% полиэстер, плотность 260 г/м2. Классический комфортный фасон. Манжеты и отделка по низу из хлопка с лайкрой для формы и удобства. Печать экологичными красками (сертифицированы по стандарту OEKO-TEX®). Пожалуйста, сверьтесь с таблицей размеров при выборе размера."
        },
        {
          "name": "Толстовка худи NASA DS",
          "slug": "hoodie_nasa",
          "image": "hoodie_nasa.jpg",
          "description":
            "Удобная мягкая толстовка с капюшоном (худи). 80% хлопок / 20% полиэстер, плотность 260 г/м2. Классический комфортный фасон. Двойной капюшон. Спереди сквозной карман для рук. Манжеты и отделка по низу из хлопка с лайкрой для формы и удобства. Печать экологичными красками (сертифицированы по стандарту OEKO-TEX®). Пожалуйста, сверьтесь с таблицей размеров при выборе размера."
        },
        {
          "name": "Толстовка худи Python",
          "slug": "hoodie_python",
          "image": "hoodie_python.jpg",
          "description":
            "Удобная мягкая толстовка с капюшоном (худи). 80% хлопок / 20% полиэстер, плотность 260 г/м2. Классический комфортный фасон. Двойной капюшон. Спереди сквозной карман для рук. Манжеты и отделка по низу из хлопка с лайкрой для формы и удобства. Печать экологичными красками (сертифицированы по стандарту OEKO-TEX®). Пожалуйста, сверьтесь с таблицей размеров при выборе размера."
        }
      ]
    },
    {
      "name": "Кепка-тракер FBI",
      "slug": "cap_fbi",
      "image": "cap_fbi.jpg",
      "id": 3,
      "description":
        "Модная американская бейсболка-trucker, спереди белый полиэстеровый 'лоб', сзади пластиковая сетка для отличной вентиляции твоей головы. Такая бейсболка — не просто хорошая защита от солнца, но и модный аксессуар.Один универсальный размер, регулируется пластиковым ремешком-застежкой. 100% полиэстер.",
      "experiences": [
        {
          "name": "Кепка-тракер Doom",
          "slug": "cap_doom",
          "image": "cap_doom.jpg",
          "description":
            "Модная американская бейсболка-trucker, спереди белый полиэстеровый 'лоб', сзади пластиковая сетка для отличной вентиляции твоей головы. Такая бейсболка — не просто хорошая защита от солнца, но и модный аксессуар. Один универсальный размер, регулируется пластиковым ремешком-застежкой. 100% полиэстер."
        },
        {
          "name": "Кепка-тракер Вампир",
          "slug": "cap_vampire",
          "image": "cap_vampire.jpg",
          "description":
            "Модная американская бейсболка-trucker, спереди белый полиэстеровый 'лоб', сзади пластиковая сетка для отличной вентиляции твоей головы. Такая бейсболка — не просто хорошая защита от солнца, но и модный аксессуар. Один универсальный размер, регулируется пластиковым ремешком-застежкой. 100% полиэстер."
        },
        {
          "name": "Кепка бейсболка Мозг",
          "slug": "cap_brain",
          "image": "cap_brain.jpg",
          "description":
            "Качественная велюровая кепка (бейсболка) пятиклинка. Подойдет для защиты от солнца и для весенней/осенней прохладной погоды. Один универсальный размер, регулируется ремешком с металлической пряжкой. 100% хлопок, плотность 350 г/м2. Печать производится экологичными красками (сертифицированы по стандарту OEKO-TEX®)."
        },
        {
          "name": "Кепка-тракер NASA",
          "slug": "cap_nasa",
          "image": "cap_nasa.jpg",
          "description":
            "Модная американская бейсболка-trucker, спереди белый полиэстеровый 'лоб', сзади пластиковая сетка для отличной вентиляции твоей головы. Такая бейсболка — не просто хорошая защита от солнца, но и модный аксессуар. Один универсальный размер, регулируется пластиковым ремешком-застежкой. 100% полиэстер."
        }
      ]
    },
    {
      "name": "Подушка Теннисный мяч",
      "slug": "pillow_ball",
      "image": "pillow_ball.jpg",
      "id": 4,
      "description":
        "Возможна печать с двух сторон. Подушка наполнена холофайбером, экологичным наполнителем, не теряющим своих свойств после стирки. Благодаря молнии на нижнем шве, наволочку можно снять с подушки. Яркий долговечный принт методом сублимации.",
      "experiences": [
        {
          "name": "Подушка Который рядом",
          "slug": "pillow_cat",
          "image": "pillow_cat.jpg",
          "description":
            "Подушка наполнена холофайбером, экологичным наполнителем, не теряющим своих свойств после стирки. Благодаря молнии на нижнем шве, наволочку можно снять с подушки. Печать осуществляется методом сублимации, что позволяет получать яркие и долговечные принты."
        },
        {
          "name": "Подушка Пиксельная овца",
          "slug": "pillow_sheep",
          "image": "pillow_sheep.jpg",
          "description":
            "Подушка наполнена холофайбером, экологичным наполнителем, не теряющим своих свойств после стирки. Благодаря молнии на нижнем шве, наволочку можно снять с подушки. Печать осуществляется методом сублимации, что позволяет получать яркие и долговечные принты."
        },
        {
          "name": "Подушка Pac-Man. PacMan. ПакМан. ПакМен. Pixels. Ready!",
          "slug": "pillow_pac-man",
          "image": "pillow_pac-man.jpg",
          "description":
            "Возможна печать с двух сторон. Подушка наполнена холофайбером, экологичным наполнителем, не теряющим своих свойств после стирки. Благодаря молнии на нижнем шве, наволочку можно снять с подушки. Яркий долговечный принт методом сублимации."
        },
        {
          "name": "Подушка Soft kitty warm kitty, happy kitty sleepy kitty",
          "slug": "pillow_kitty",
          "image": "pillow_kitty.jpg",
          "description":
            ""
        }
      ]
    }
  ]
}
